p,r,count_chunks,total_samples,cmi_mean,cmi_std,cmi_sem
0.150000,6,500,5000,0.001241025210418241,0.009519097681932228,0.0004257069900252226
