p,r,count_chunks,total_samples,cmi_mean,cmi_std,cmi_sem
0.150000,4,500,5000,0.0009215200190419509,0.01314644013023049,0.000587926675866531
