p,r,count_chunks,total_samples,cmi_mean,cmi_std,cmi_sem
0.150000,4,500,5000,0.001590531145925598,0.01321026602174852,0.0005907810565097082
