p,r,count_chunks,total_samples,cmi_mean,cmi_std,cmi_sem
0.150000,6,100,1000,-4.335728789475013e-05,0.01155490404016442,0.001155490404016442
