p,r,count_chunks,total_samples,cmi_mean,cmi_std,cmi_sem
0.150000,5,500,5000,0.0008912577725602091,0.01122350112714936,0.0005019302293170296
