p,r,count_chunks,total_samples,cmi_mean,cmi_std,cmi_sem
0.150000,5,500,5000,0.002156752464977356,0.01154651711152292,0.0005163759432945953
