p,r,count_chunks,total_samples,cmi_mean,cmi_std,cmi_sem
0.150000,6,100,1000,-0.0009470148715588919,0.01105912156526234,0.001105912156526234
