p,r,count_chunks,total_samples,cmi_mean,cmi_std,cmi_sem
0.050000,6,500,5000,0.00187784465103461,0.02943751330859437,0.001316485616931435
