p,r,count_chunks,total_samples,cmi_mean,cmi_std,cmi_sem
0.050000,6,80,20000,0.001560809278253935,0.00652246486302033,0.0007292337407283656
