p,r,count_chunks,total_samples,cmi_mean,cmi_std,cmi_sem
0.150000,5,80,20000,0.001016091385437297,0.003024161083123076,0.0003381114878386295
