p,r,count_chunks,total_samples,cmi_mean,cmi_std,cmi_sem
0.050000,6,500,5000,0.003100785510895503,0.02257673020751595,0.001009662069073572
