p,r,count_chunks,total_samples,cmi_mean,cmi_std,cmi_sem
0.110000,5,500,5000,0.01511163864443346,0.057696051054535,0.002580245843824774
