p,r,count_chunks,total_samples,cmi_mean,cmi_std,cmi_sem
0.150000,5,500,5000,-4.782382004455314e-05,0.01285230132945561,0.0005747723887994732
