p,r,count_chunks,total_samples,cmi_mean,cmi_std,cmi_sem
0.150000,6,100,1000,-0.001698005093141745,0.01091100363346491,0.001091100363346491
