p,r,count_chunks,total_samples,cmi_mean,cmi_std,cmi_sem
0.150000,6,500,5000,0.0001500480699429886,0.008518752232523208,0.0003809701815079998
