p,r,count_chunks,total_samples,cmi_mean,cmi_std,cmi_sem
0.150000,5,500,5000,0.0006934865243013973,0.01151416734012865,0.0005149292175367121
