p,r,count_chunks,total_samples,cmi_mean,cmi_std,cmi_sem
0.110000,5,500,5000,0.01652555990864772,0.06051154178607666,0.002706158417139729
