p,r,count_chunks,total_samples,cmi_mean,cmi_std,cmi_sem
0.110000,6,500,5000,0.007789703648327233,0.05366914422953195,0.00240015709582948
