p,r,count_chunks,total_samples,cmi_mean,cmi_std,cmi_sem
0.110000,6,500,5000,0.004788880259629857,0.05176828318127751,0.002315148005435911
