p,r,count_chunks,total_samples,cmi_mean,cmi_std,cmi_sem
0.110000,6,500,5000,0.008070202205396748,0.05993444025336334,0.002680349651998403
