p,r,count_chunks,total_samples,cmi_mean,cmi_std,cmi_sem
0.150000,7,100,1000,-0.007378081141615269,0.01223688522478091,0.001223688522478091
