L,p,r,num_samples,max_bond,seed,cmi_exact,t_exact_s,cmi_custom_bmps,t_custom_bmps_s,cmi_quimb_bmps,t_quimb_bmps_s,diff_custom_vs_exact,diff_quimb_vs_exact
10,0.1,2,50,16,42,-0.0012035597705780533,2.139946475625038,0.002947662888607212,1.2315552160143852,0.0020762221277465897,4.348215866833925,0.004151222659185265,0.003279781898324643
14,0.11,3,50,16,42,-0.0001228979276447717,8.388306435197592,-0.011489156179402542,3.1202464923262596,-0.015195779260122961,13.046235412359238,-0.01136625825175777,-0.015072881332478189
